rank,target,type,country,image_count,filenames,contact_email,contact_url,source_url,notes
1,Atlantis Submarines Waikiki (Atlantis Adventures LLC),Tour operator (business),USA (Hawaii),6,DSC_0501.jpeg;DSC_0509.jpeg;DSC_0521.jpeg;DSC_0532.jpeg;DSC_0562.jpeg;DSC_0579.jpeg,ores@atlantisadventures.com,https://www.atlantisadventures.com/contact,https://www.atlantisadventures.com/contact,"Only public email is the Waikiki reservations inbox (also listed for Majestic cruises); ask them to forward to marketing. Brand Manager name appears in third-party listings only, not used. Underwater shots (artificial reef pyramid, sunken aircraft, ship bow) match the dive-site features Atlantis describes on its own site (sunken ships, an airplane hull, artificial reefs). Suggested: 6 images, $900 bundle."
2,Hotel d'Angleterre,Hotel (business),Denmark,2,DSC_7189.jpeg;DSC_7206.jpeg,pr@dangleterre.com,https://www.dangleterre.com/en/contact,https://www.dangleterre.com/en/contact,"Contact page lists pr@ (press/PR) and marketing@dangleterre.com; either fits. Both images show the Christmas facade (Dec 2025), so strongest for seasonal campaigns. Suggested: $250-350 per image, $500 for both. CORRECTED 2026-09-25: DSC_7181 was mislabeled (its caption metadata said Hotel d'Angleterre, but the image is an unrelated Copenhagen street scene with heart ornaments); replaced with DSC_7189, the actual second facade shot, found by checking neighboring frame numbers. STATUS: outreach sent 2026-09-24, Caroline Danielsen (PR & Marketing Specialist) replied 2026-09-25 asking for watermarked previews; two previews (DSC_7189, DSC_7206) sent 2026-09-25, awaiting her decision."
3,"Jungfraubahnen (Jungfrau Railways / Jungfraujoch Top of Europe, Harder Kulm)",Mountain railway (business),Switzerland,8,DSC_8244-Pano.jpeg;DSC_8395.jpeg;DSC_8399.jpeg;DSC_8442.jpeg;DSC_8450.jpeg;DSC_8496.jpeg;DSC_8502.jpeg;DSC_8506.jpeg,kathrin.naegeli@jungfrau.ch,https://www.jungfrau.ch/en-gb/corporate/media-contact/,https://www.jungfrau.ch/en-gb/corporate/media-contact/,"Head of Corporate Communications; page says the contact is for media professionals, so keep the note short and commercial. Only DSC_8450 and DSC_8502 name Jungfraujoch in metadata; 8395/8399/8496 are in the same shooting sequence and the Interlaken panorama (8244) looks like the Harder Kulm view. Ben to confirm vantage points before sending. Excludes DSC_8261 (visitor with Top of Europe bag; identifiable person). Suggested: 8 images, $1,000 bundle."
4,Gornergrat Bahn (Matterhorn Gotthard Bahn / BVZ Holding),Mountain railway (business),Switzerland,4,DSC_8610.jpeg;DSC_8669.jpeg;DSC_8686.jpeg;DSC_8714.jpeg,medien@mgbahn.ch,https://www.bvzholding.ch/de/menue/medien/medienmitteilungen/,https://www.bvzholding.ch/de/menue/medien/medienmitteilungen/,"medien@mgbahn.ch is published on the BVZ group newsroom (parent of Gornergrat Bahn). gornergrat.ch itself lists only railcenter@gornergrat.ch (customer service). Riffelsee reflection and Gorner Glacier panorama are the lead images; Riffelberg signpost is on their line. Suggested: 4 images, $650 bundle."
5,USS Bowfin Submarine Museum & Park (Pacific Fleet Submarine Memorial Association),Museum (nonprofit),USA (Hawaii),7,DSC_0592.jpeg;DSC_0600.jpeg;DSC_0609.jpeg;DSC_0616.jpeg;DSC_0621.jpeg;DSC_0632.jpeg;DSC_0634.jpeg,,https://www.bowfin.org/contact,https://www.bowfin.org/contact,"No marketing or media email on bowfin.org; contact page offers a secure form and (808) 423-1341. Public role emails there: executivedirector@bowfin.org, curator@bowfin.org (use form first). Press releases name an outside PR agency; not used since it is not on their own site. Metadata says Pearl Harbor WWII submarine museum but never names Bowfin; Ben to confirm. Nonprofit: price at low end. Suggested: 7 images, $700 bundle."
6,Atlanta Botanical Garden,Botanical garden (nonprofit attraction),USA (Georgia),3,DSC_5101.jpeg;DSC_5115.jpeg;DSC_5132.jpeg,dflanders@atlantabg.org,https://atlantabg.org/news-and-blogs/media-site-login/,https://atlantabg.org/news-and-blogs/media-site-login/,"Danny Flanders, Public Relations & Marketing Manager, 404-591-1550. Local to Ben (Atlanta). DSC_5101 shows a glass artwork; the garden may need the artist's permission to reuse it, so lead with Earth Goddess and the footbridge. Excludes DSC_5128 (identifiable visitor). Suggested: 3 images, $450 bundle."
7,Blue Lagoon Iceland,Geothermal spa (business),Iceland,2,DSC_0748.jpeg;DSC_0755.jpeg,marketing@bluelagoon.is,https://www.bluelagoon.com/press-center,https://www.bluelagoon.com/press-center,"Press center lists marketing@bluelagoon.is (photo and video bank) and press@bluelagoon.is (general press). CAUTION: Blue Lagoon requires a film application for commercial filming or photography on site. Both images are marked commercial on stock; Ben should check this against his upload terms. The pitch is low risk, but they may cite the policy. Suggested: $250-350 per image."
8,Visit Iceland (Business Iceland / Islandsstofa),National tourism board,Iceland,34,DSC_0765.jpeg;DSC_0805.jpeg;DSC_0832.jpeg;DSC_1007.jpeg;DSC_1039.jpeg;DSC_1077.jpeg;DSC_1098.jpeg;DSC_1105.jpeg;DSC_1119.jpeg;DSC_1143.jpeg;DSC_1152.jpeg;DSC_1157.jpeg;DSC_1216.jpeg;DSC_1224.jpeg;DSC_1230.jpeg;DSC_1253.jpeg;DSC_1275.jpeg;DSC_1326.jpeg;DSC_1349.jpeg;DSC_1362.jpeg;DSC_1372.jpeg;DSC_1373.jpeg;DSC_1384.jpeg;DSC_1386.jpeg;DSC_1395.jpeg;DSC_1406.jpeg;DSC_1430.jpeg;DSC_1447.jpeg;DSC_1558.jpeg;DSC_1570.jpeg;DSC_1584.jpeg;DSC_1601.jpeg;DSC_1606.jpeg;DSC_1615.jpeg,isak@businessiceland.is,https://traveltrade.inspiredbyiceland.com/contacts/,https://traveltrade.inspiredbyiceland.com/contacts/,"Isak Kari Karason, Head of Owned Media (published as isak[at]businessiceland.is). Largest people-free set. Tourism boards run free image banks, so pitch a curated pick-10 bundle. Blue Lagoon frames (DSC_0748/0755) are left out of this offer. Suggested: any 10 for $1,200, or $250 per image."
9,Switzerland Tourism,National tourism board,Switzerland,27,DSC_8085.jpeg;DSC_8151.jpeg;DSC_8156.jpeg;DSC_8177.jpeg;DSC_8178.jpeg;DSC_8190.jpeg;DSC_8199.jpeg;DSC_8226.jpeg;DSC_8244-Pano.jpeg;DSC_8395.jpeg;DSC_8399.jpeg;DSC_8416.jpeg;DSC_8442.jpeg;DSC_8450.jpeg;DSC_8496.jpeg;DSC_8502.jpeg;DSC_8506.jpeg;DSC_8511.jpeg;DSC_8517.jpeg;DSC_8556.jpeg;DSC_8576.jpeg;DSC_8610.jpeg;DSC_8669.jpeg;DSC_8686.jpeg;DSC_8689.jpeg;DSC_8701.jpeg;DSC_8714.jpeg,media.northamerica@switzerland.com,https://corner.stnet.ch/media-us/contact/,https://corner.stnet.ch/media-us/contact/,"North America media desk (Ben is US-based). HQ media@switzerland.com listed at https://www.stnet.ch/en/switzerland-tourism/contact/. Set spans Bern, Interlaken, Jungfrau region, Zermatt; overlaps with targets 3 and 4 (fine, non-exclusive). Suggested: any 10 for $1,200."
10,Wonderful Copenhagen,City tourism board,Denmark,14,DSC_7155.jpeg;DSC_7164.jpeg;DSC_7181.jpeg;DSC_7197.jpeg;DSC_7199.jpeg;DSC_7206.jpeg;DSC_7262-Edit.jpeg;DSC_7299-Edit.jpeg;DSC_7307-Edit.jpeg;DSC_7320-Edit.jpeg;DSC_7385-Edit.jpeg;DSC_7505.jpeg;DSC_7516-Edit.jpeg;DSC_7559-Pano-Edit.jpeg,media@woco.dk,https://www.wonderfulcopenhagen.com/wonderful-copenhagen/international-press/international-press/media-inquiries,https://www.wonderfulcopenhagen.com/wonderful-copenhagen/international-press/international-press/media-inquiries,"media@woco.dk is for editorial press requests; glv@woco.dk is Giuseppe Liverino, Senior Manager Press & PR (same page). Winter/Christmas set (Dec 2025) plus Nyhavn, Little Mermaid, Rosenborg. Excludes guards, band, rowers, portrait. Suggested: any 10 for $1,200."
11,Kyoto City Tourism Association (DMO KYOTO),City tourism board,Japan,17,DSC_3584.jpeg;DSC_3618.jpeg;DSC_3638.jpeg;DSC_3657.jpeg;DSC_3695.jpeg;DSC_3712.jpeg;DSC_3805.jpeg;DSC_3822.jpeg;DSC_3869.jpeg;DSC_3938.jpeg;DSC_3940.jpeg;DSC_3977-Pano.jpeg;DSC_4038.jpeg;DSC_4043.jpeg;DSC_4068.jpeg;DSC_4094-Pano.jpeg;DSC_4099-Pano.jpeg,,https://form.run/@promotion-1647391818,https://kyoto.travel/en/media/,"No public email; kyoto.travel/en/media directs all requests to the form.run contact form. DMO KYOTO already runs a free image bank, so expectations should be modest. Suggested: any 10 for $1,000."
12,Visit Tucson,City/county tourism board,USA (Arizona),24,DSC_0088-DeNoiseAI-standard-SharpenAI-Focus.jpeg;DSC_0129-DeNoiseAI-standard-SharpenAI-Motion.jpeg;DSC_0001 (1).jpeg;DSC_5283.jpeg;DSC_5306.jpeg;DSC_7200.jpeg;DSC_7218.jpeg;DSC_7516-topaz-denoise-sharpen.jpeg;DSC_7528-Enhanced-NR-topaz-denoise-enhance-1.9x-sharpen.jpeg;DSC_7583.jpeg;DSC_7643.jpeg;DSC_8205.jpeg;DSC_8208.jpeg;DSC_8215.jpeg;DSC_8218.jpeg;DSC_8263.jpeg;DSC_3472.jpeg;DSC_3490.jpeg;DSC_3495.jpeg;DSC_3511.jpeg;DSC_3515 (1).jpeg;DSC_3700.jpeg;DSC_3786-Enhanced-SR.jpeg;DSC_3825-Enhanced-SR.jpeg,molivas@visittucson.org,https://www.visittucson.org/press-room/contact-us/,https://www.visittucson.org/press-room/contact-us/,"PR team page: Cindy Aguilar (VP Communications, CAguilar@VisitTucson.org), Mo Olivas (Communications Manager), Sofia Moraga Franco (PR & Communications Manager, smoraga@visittucson.org). Monsoon lightning and saguaro sunsets are the strongest. Ben should confirm every ""desert city"" frame is Tucson, not Phoenix. Excludes graduation, portrait, and sports frames. Suggested: any 10 for $1,000."
13,amsterdam&partners (I amsterdam),City tourism board,Netherlands,11,DSC_7641.jpeg;DSC_7686.jpeg;DSC_7702.jpeg;DSC_7720.jpeg;DSC_7732.jpeg;DSC_7736.jpeg;DSC_7737.jpeg;DSC_7750.jpeg;DSC_7761-Pano.jpeg;DSC_7766.jpeg;DSC_7794.jpeg,pressoffice@iamsterdam.com,https://www.iamsterdam.com/en/our-network/media-centre/press-assistance/contact,https://www.iamsterdam.com/en/our-network/media-centre/press-assistance/contact,"Press office email on the press-assistance page; redactie@iamsterdam.com (editorial) is on /en/amsterdam-and-partners/contact-us. Rijksmuseum library interior (DSC_7720) may need museum permission for their reuse. Suggested: any 8 for $1,000."
14,KolnTourismus (Cologne Tourist Board),City tourism board,Germany,8,DSC_7832-Pano.jpeg;DSC_7855.jpeg;DSC_7882.jpeg;DSC_7888.jpeg;DSC_7909-Pano.jpeg;DSC_7914.jpeg;DSC_7919.jpeg;DSC_7961.jpeg,presse@koelntourismus.de,https://www.koelntourismus.de/service/presse,https://www.koelntourismus.de/service/presse,"Press contact on the newsroom page (named press staff also listed there). Cathedral at sunset and the Hohenzollern Bridge panorama are the lead images. Suggested: 8 images, $900 bundle."
15,Heidelberg Marketing GmbH,City tourism board,Germany,5,DSC_7979.jpeg;DSC_8012.jpeg;DSC_8034.jpeg;DSC_8052.jpeg;DSC_8053.jpeg,kommunikation@heidelberg-marketing.de,https://www.heidelberg-marketing.de/service/presse-und-medien,https://www.heidelberg-marketing.de/service/presse-und-medien,"Communications email on the press page; they also run an image database (/service/bilddatenbank). Small but all 4-5 rated, including castle and Old Bridge at night. Suggested: 5 images, $650 bundle."
16,Park Plaza Victoria Amsterdam (Hotel Victoria),Hotel (business),Netherlands,1,DSC_7732.jpeg,vhafo@pphe.com,https://www.parkplazavictoriaamsterdam.com/contact/,https://www.parkplazavictoriaamsterdam.com/contact/,"ALTERNATE, no draft. Single editorial image with tour boats. No press email; vhafo@pphe.com is the hotel's general address on the contact page. Radisson/PPHE brand approvals likely."
17,Riffelhaus 1853,Hotel (business),Switzerland,1,DSC_8701.jpeg,riffelhaus@zhg.swiss,https://riffelhaus.ch/?lang=en,https://riffelhaus.ch/?lang=en,"ALTERNATE, no draft. One image (helicopter passing the hotel). Third-party listings show a different email (matterhorn-group.ch); the official site shows riffelhaus@zhg.swiss."
18,Iwatayama Monkey Park (Arashiyama),Wildlife park (business),Japan,2,DSC_3712.jpeg;DSC_3805.jpeg,,http://www.monkeypark.jp/,http://www.monkeypark.jp/,"ALTERNATE, no draft. Would rank about 7th on fit, but the official site has no email or form: phone 075-872-0950, Instagram @arashiyama_monkeypark. Excludes DSC_3745 (person)."
19,Island of Hawaii Visitors Bureau / Hawaii Tourism,Island tourism board,USA (Hawaii),11,DSC_4120.jpeg;DSC_4162 (1).jpeg;DSC_4170.jpeg;DSC_4175.jpeg;DSC_4188-Pano.jpeg;DSC_4232.jpeg;DSC_4238.jpeg;DSC_4239.jpeg;DSC_4284.jpeg;DSC_4319.jpeg;DSC_4380.jpeg,,,,"ALTERNATE, contact not researched. Big Island volcano, lava tube, waterfall, and Waipio set."
20,Rijksmuseum,Museum,Netherlands,2,DSC_7641.jpeg;DSC_7720.jpeg,,,,"ALTERNATE, contact not researched. Facade and library interior; they have in-house photography."
21,Destination Vancouver / Grouse Mountain,City tourism board / attraction,Canada,5,DSC_4864.jpeg;DSC_4908.jpeg;DSC_5033-Pano.jpeg;DSC_5041.jpeg;DSC_5067.jpeg,,,,"ALTERNATE, contact not researched. DSC_5033 panorama is from the Grouse Mountain gondola (a separate business angle)."
22,Nara Visitors Bureau,City tourism board,Japan,4,DSC_4147.jpeg;DSC_4169.jpeg;DSC_4194.jpeg;DSC_4384.jpeg,,,,"ALTERNATE, contact not researched."
23,Hotel Gracery Shinjuku (Fujita Kanko),Hotel (business),Japan,1,DSC_3208.jpeg,,,,"ALTERNATE, contact not researched. Godzilla head is a Toho trademark, which complicates marketing reuse."
