platform,tier,status,exclusivity,royalty,payout_min,signup_url,upload_method,tax_form,ai_training_posture,notes
Adobe Stock,base,"ACTIVE - 273 uploaded, 50 in review (new-contributor cap)",non-exclusive only,33% flat,$25,https://contributor.stock.adobe.com,SFTP+CSV,W-9 + 1099,Firefly trains - NO opt-out,#1 earner; decide AI posture in Phase 0
Shutterstock,base,436 pending review; 294 not submitted (8 IMG_/wedding files deleted 2026-08-07),non-exclusive,15-40% tiered; resets Jan 1,$25,https://submit.shutterstock.com,FTPS+CSV,W-9 + 1099,OPTED IN to AI data licensing (Ben's decision 2026-08-05) - do not toggle off,"FTPS ftp.shutterstock.com, username=account email, password=contributor password (Keychain service shutterstock-ftp). 749 images eligible. Upload via scripts/stock-ftp-upload.py --agency shutterstock"
iStock/Getty,base,"ACCEPTED 2026-08-08; 509 images uploaded across 6 ESP batches, 0 dupes — awaiting SUBMIT",sign NON-EXCLUSIVE ASA only,15% flat non-excl,$100,https://www.gettyimages.com/workwithus,ESP web + DeepMeta,W-9 + 1099,trains + dataset licensing,juried 3-6 image application; apply early for lead time
Alamy,base,565 in QC; 5 on sale with full metadata + 10/10 supertags,non-exclusive (skip excl flags),15/20/40% tiered from 2026-09-01,$75,https://www.alamy.com/contributor/,web+FTP,none (UK; self-report),Access Collection opt-in,"FTP upload.alamy.com /Stock, username=account email, password=Alamy login (Keychain alamy-ftp). QC #1 failed 2026-08-06 (dust + soft); resubmitted 5 verified-sharp frames, ALL 5 PASSED 2026-08-07. Bulk upload of clean 613-image set completed same day: 571 total delivered, 0 failures. Alamy ingests IPTC automatically (caption/tags/pseudonym/license/image type all arrive filled). Only supertags need manual work - 10 per image, Alamy's top ranking signal. Done for the 5 on sale; the 565 are locked until QC clears. Recipe in alamy-supertag-plan.json. NOTE: FullSizeRender.jpeg reached Alamy in the bulk batch (uploaded before the DSC-only guard) - remove once QC unlocks it."
Vecteezy,base,25-image application set staged in photo-licensing-workspace/vecteezy-application/ (2026-09-24); Ben must sign in to contributors.vecteezy.com and do the ID check,non-exclusive,50% rev-share Pro tier,~$50,https://www.vecteezy.com/contributors,web+CSV,W-9 + 1099,labeled AI allowed,apply with 25 files + gov ID; keep out of Free pool
Dreamstime,base,"342 accepted/live, 281 refused, ~170 in review, 0 sales",non-exclusive (skip excl flag),25-50%,$100,https://www.dreamstime.com/sell-stock-photos-images,FTP,W-9 + 1099,labeled AI allowed,"FTP upload.dreamstime.com, user = numeric ID 60952090 (NOT email), Keychain dreamstime-ftp. Bulk metadata via scripts/dreamstime-csv.py -> FTP the CSV (Dreamstime auto-applies it). 234 editorial / 336 commercial. 42 editorial rows HELD BACK - their captions name no real place and Dreamstime requires 'City, Country - Month YYYY:'; see dreamstime-held-no-location.csv."
Depositphotos,base,not_started,non-exclusive,30-38% packs; $0.25-0.33 subs,$25,https://depositphotos.com/seller-price.html,FTP,W-9 + 1099,labeled AI allowed,set-and-forget via FTP
123RF,base,not_started,non-exclusive,30-60% tiered,$50,https://www.123rf.com/contributors,FTP auto-reads IPTC,none (MY; self-report),labeled AI allowed,last priority; watch payments (stealth cuts history)
Pond5,base,optional,non-exclusive (photo),30% photos,$25,https://contributor.pond5.com,FTP+CSV,W-9 + 1099,restrictive on AI,only if video enters the mix
Freepik/Magnific,base,APPLIED 2026-09-24 via contributor.magnific.com (portfolio: Shutterstock); awaiting review email,non-exclusive,~$0.04-0.07/download,~$50,https://contributor.freepik.com,FTP+CSV,none (ES; self-report),AI-first marketplace,volume tail; 150-200 asset initial batch
Canva,base,watch,n/a,royalty pool,n/a,https://www.canva.com/contributors,n/a,n/a,AI content banned,paused to new contributors since 2022; check quarterly
Envato Elements,base,optional,non-exclusive,subscription pool,n/a,https://elements.envato.com,application,n/a,n/a,Shutterstock-owned; only for large cohesive libraries
Offset,premium,not_started,premium placement via SSTK,via SSTK tiers,via SSTK,https://submit.shutterstock.com/help/en/articles/10594692,application,via SSTK,n/a,apply once Shutterstock port is live
Stocksy,premium,watch,image + series/similars exclusive,50/75% + profit share,n/a,https://www.stocksy.com/cta/welcome,application window,TBD,TBD,watch for Call to Artists; best economics in industry
Westend61,premium,not_started,submitted images exclusive,40-60%,n/a,https://www.westend61.de/en/cms/joinus,application,TBD,TBD,one premium home per shoot
Cavan Images,premium,not_started,content exclusive,100% via paid Pro (price unverified),n/a,https://cavanimages.submittable.com/submit,application,TBD,TBD,confirm Pro pricing before committing
Gallery Stock,premium,optional,assume image-exclusive (RM),unpublished,n/a,mailto:licensing@gallerystock.com,email,TBD,TBD,request contributor contract before assuming anything
Arcangel,genre,optional,placed images (+RM similars),50% of net monthly,n/a,https://arcangel.com,application,TBD,TBD,book covers; license model PERMANENT per image
Trevillion,genre,optional,full image exclusivity,TBD (info pack),n/a,mailto:submissions@trevillion.com,email 20+ images,TBD,TBD,never split similars with Arcangel
StockFood,genre,optional,submitted images exclusive,TBD,n/a,https://www.stockfood.com/info-for-photographers,application,TBD,TBD,only if shooting food seriously
AWL Images,genre,optional,worldwide exclusive on submitted,TBD,n/a,https://www.awl-images.com/submissions,500-image initial,TBD,TBD,travel genre
Picfair Plus,direct,SKIP for now (2026-09-24): free accounts can no longer sell; needs paid Plus store. 1 test image uploaded,non-exclusive,100% (buyer pays +20%),n/a,https://www.picfair.com/plans,web,n/a,n/a,~$11/mo; first direct storefront; custom domain possible
Own site /photos/,direct,deferred,non-exclusive,100% minus Stripe,n/a,https://purplelink.llc,n/a,n/a,n/a,defer until Stripe reactivation; resolve GA sales tax first
Fine Art America,pod,LIVE - 267 images published,non-exclusive,set own markup over base,TBD,https://fineartamerica.com,web,W-9,TBD,"COMPLETE 2026-08-05: all 267 uploaded via scripts/faa-upload.py, 0 failures, metadata auto-filled from IPTC on every image (keywords 251-498 chars). Premium $30/yr renews 2027-08-05. Storefront: benjamin-ampel.pixels.com"
Displate,pod,deferred,non-exclusive,flat $4.50/$9.00/$14.50 per size - cut by constant discounts,$50 (PayPal only),https://displate.com/open-shop,web Multiuploader (no API),none (Polish co; no 1099; WHT reserved),no AI prohibition,DEFER: photographers report $6-85 lifetime; audience is gaming/anime not landscape; Displate Customs (2025) lets buyers print own photos; forced 1.4:1 crop; no IPTC ingest (manual typing, tags locked); revisit ONLY with own audience -> Share+Earn pays 41% of net
Redbubble,pod,deferred,non-exclusive,tiered account fees,n/a,https://www.redbubble.com,web,TBD,TBD,only after FAA validates; 2025 fee structure marginal
Wirestock,skip,skipped,non-exclusive,agency rate minus 15%,varies,https://wirestock.io,web,W-9,opt-in dataset licensing,worse economics + exit lock-in vs direct accounts
500px Licensing,skip,skipped,non-exclusive,25% of opaque net,n/a,https://500px.com,web,TBD,TBD,Getty/VCG only; conflicts with direct Getty port
EyeEm,skip,dead,n/a,n/a,n/a,n/a,n/a,n/a,n/a,shut down 2026-01
Twenty20,skip,dead,n/a,n/a,n/a,n/a,n/a,n/a,n/a,closed 2022
Society6,skip,skipped,n/a,5-10% fixed,n/a,n/a,n/a,n/a,n/a,2025 curated pivot gutted terms
Pixsy,monitoring,ACTIVE 2026-09-24: 735 images uploaded (free plan monitors 500); verify email to start scanning; 50% of recoveries,,,,,,,,
Etsy (digital downloads),direct,"KIT BUILT 2026-09-24: 43 listings in photo-licensing-workspace/etsy/; shop onboarding pending (Ben: name, ID, bank); listing creation must use Etsy API or manual (ToS bans browser automation)",,,,,,,,
Zazzle,pod,READY 2026-09-24: Switzerland + Iceland 2027 calendar image sets in photo-licensing-workspace/zazzle-calendars/; ToS bans automation -> Ben creates products manually,,,,,,,,
Direct pitches,direct,SENT 2026-09-24: 14 of 15 (13 email + Kyoto form); Blue Lagoon held; log photo-licensing-workspace/pitches/sent-log.json,,,,,,,,
