segment,organization,city_state,route,route_type,source_url,fit_reason
Therapy and counseling practices,Seattle Anxiety Specialists,"Seattle, WA",info@seattleanxiety.com,email,https://seattleanxiety.com/contact-us,"Outpatient psychiatry and therapy practice; staff type client names, dates of birth and insurance details into messages; Mac use unconfirmed"
Therapy and counseling practices,Austin Revive,"West Lake Hills (Austin area), TX",admin@austinrevive.com,email,https://www.austinrevive.com,Small group therapy practice with online and in-person clients; intake and scheduling messages carry names and dates of birth; Mac use unconfirmed
Therapy and counseling practices,Uptown Psychology Group,"Minneapolis, MN",UPG@UptownPsychologyGroup.com,email,https://uptownpsychologygroup.com/appointments/,Clinical psychology practice that handles intake forms and insurance paperwork by email; typed client identifiers are common; Mac use unconfirmed
Free and community clinics,Phoenix Allies for Community Health,"Phoenix, AZ",hello@azpach.org,email,https://azpach.org/contact-us/,Volunteer-run free primary care clinic; volunteers type patient names and dates of birth in messages and notes; Mac use unconfirmed
Free and community clinics,Physicians' Care Clinic,"Decatur (Atlanta metro), GA",physcareclinic@gmail.com,email,https://physicianscareclinic.org/contact,Volunteer-led charitable clinic for uninsured DeKalb County adults; administrative staff handle patient identifiers and medical record details in typed messages; Mac use unconfirmed
Free and community clinics,Urban Ministries of Wake County (Open Door Clinic),"Raleigh, NC",info@urbanmin.org,email,https://www.urbanmin.org/contact,Nonprofit running a free medical and dental clinic with about 400 volunteers; patient names and medical details pass through typed messages; Mac use unconfirmed
"Nonprofits: immigrant, refugee, DV and family services",Partnership Against Domestic Violence (PADV),"Atlanta, GA",info@padv.org,email,https://www.padv.org/contact,"Advocates type client names, DOBs and safety details into case notes and emails; Mac use unconfirmed"
"Nonprofits: immigrant, refugee, DV and family services",Another Chance of Atlanta,"Atlanta, GA",https://anotherchanceofatlanta.org/contact/,form,https://anotherchanceofatlanta.org/contact/,"Housing and food assistance staff handle client names, SSNs and income details in typed messages; Mac use unconfirmed"
"Nonprofits: immigrant, refugee, DV and family services",Casa San Jose,"Pittsburgh, PA",info@casasanjose.org,email,https://www.casasanjose.org/contact,"Latino immigrant services staff write up client cases with names, DOBs and immigration identifiers; Mac use unconfirmed"
"Nonprofits: immigrant, refugee, DV and family services",Conexion Americas,"Nashville, TN",info@conexionamericas.org,email,https://www.conexionamericas.org/contact/,"Immigrant family services staff type client names, DOBs and financial details into messages and notes; Mac use unconfirmed"
"Nonprofits: immigrant, refugee, DV and family services",LSS CHOICES for Victims of Domestic Violence (Lutheran Social Services),"Columbus, OH",https://lssnetworkofhope.org/choices/contact-us/,form,https://lssnetworkofhope.org/choices/contact-us/,Domestic violence advocates type survivor names and identifiers in case notes; form notes it is not monitored for shelter requests; Mac use unconfirmed
"Nonprofits: immigrant, refugee, DV and family services",Rocky Mountain Immigrant Advocacy Network (RMIAN),"Denver, CO",https://www.rmian.org/contact/,form,https://www.rmian.org/contact/,"Immigration attorneys and paralegals type A-numbers, DOBs and client names in casework messages; Mac use unconfirmed"
"Nonprofits: immigrant, refugee, DV and family services",Northwest Immigrant Rights Project (NWIRP),"Seattle, WA",communications@nwirp.org,email,https://www.nwirp.org/resources/contact,"Immigration legal staff handle A-numbers, DOBs and client names in typed email and notes; larger org with several role addresses; Mac use unconfirmed"
"Nonprofits: immigrant, refugee, DV and family services",Utah Domestic Violence Coalition,"Salt Lake City, UT",admin@udvc.org,email,https://www.udvc.org/contact,Coalition staff handle survivor-related names and identifiers in typed messages; the address is listed for business inquiries; Mac use unconfirmed
"Nonprofits: immigrant, refugee, DV and family services","Raksha, Inc.","Atlanta, GA",raksha@raksha.org,email,https://www.raksha.org/contact,Domestic violence and sexual assault support nonprofit; counselors type survivor names and identifiers in messages; Mac use unconfirmed
"Nonprofits: immigrant, refugee, DV and family services",Friends of Refugees,"Clarkston, GA (Atlanta metro)",contactus@friendsofrefugees.com,email,https://friendsofrefugees.com/contact/,"Refugee support nonprofit; staff type client names and family details in messages; general address published, also has a web form; Mac use unconfirmed"
"Nonprofits: immigrant, refugee, DV and family services",New American Pathways,"Atlanta, GA",info@newamericanpathways.org,email,https://www.newamericanpathways.org/contact,Refugee and immigrant services with immigration consultation programs; larger than the other rows; general address in the footer; Mac use unconfirmed
Legal aid and pro bono,Philadelphia VIP (Volunteer Lawyers for the Public Interest),"Philadelphia, PA",phillyvip@phillyvip.org,email,https://www.phillyvip.org/contact,Pro bono intake staff and volunteer lawyers exchange client identifiers and case facts by email; Mac use unconfirmed
Insurance agencies,J&A Insurance Agency Inc,"Kennesaw, GA (Atlanta metro)",info@jainsuranceagency.com,email,https://www.jainsuranceagency.com/contact/,"Agents type client names, DOBs, SSNs and policy details into emails and quote requests; Mac use unconfirmed"
Insurance agencies,Blake Insurance Group LLC,"Tucson, AZ",info@blakeinsurancegroup.com,email,https://blakeinsurancegroup.com/,"Independent agency whose staff type applicant names, DOBs, SSNs and driver license numbers into carrier quotes and emails; Mac use unconfirmed"
Independent financial planners,Deasil Wealth Management LLC,"Decatur, GA (Atlanta metro)",info@deasilwm.com,email,https://deasilwm.com/contact/,"Fee-only RIA serving pre-retirees and business owners; planners type account numbers, SSNs and DOBs into client emails; Mac use unconfirmed"
Independent financial planners,von Borstel & Associates Inc,"Portland, OR",info@vonborstel.com,email,https://vonborstel.com/contact-us/,"SEC-registered independent advisory firm; advisors type client account numbers, SSNs and DOBs into emails; Mac use unconfirmed"
HR consultancies,Concurrent HRO,"Broomfield, CO (Denver metro)",https://concurrenthro.com/contact/,form,https://concurrenthro.com/contact/,"PEO-type HR firm; staff type employee SSNs, DOBs, pay and medical leave details into messages; Mac use unconfirmed"
HR consultancies,Turning the Corner HR,"Denver and Boulder, CO",https://turningthecornerhr.com/about/contact/,form,https://turningthecornerhr.com/about/contact/,Outsourced HR consultancy handling employee records and employee relations cases in typed email; Mac use unconfirmed
Mac IT consultants (possible resellers),Carmichael Consulting Solutions,"Roswell, GA (Atlanta metro)",info@carmichaelconsulting.net,email,https://www.carmichaelconsulting.net,"Managed IT provider listing Apple support; serves legal, healthcare and financial services clients; general info address published on the site."
Mac IT consultants (possible resellers),Community IT Innovators,"Washington, DC",connect@communityit.com,email,https://communityit.com/get-started/,IT provider for nonprofits (including healthcare and social services) with a Mac for Nonprofits practice and Apple certified staff; general address published on the contact page.
Mac IT consultants (possible resellers),GlobalMac IT,"Cleveland, OH",https://www.globalmacit.com/contact/,contact-page,https://www.globalmacit.com,"Mac-exclusive managed IT for small businesses including law firms, medical offices, dentistry and finance; contact form (email shown only in obfuscated form)."
Mac IT consultants (possible resellers),MacSolutions Plus,"East Amherst, NY (Buffalo metro)",support@macsolutionsplus.com,email,https://www.macsolutionsplus.com/apple-it-support-small-business-buffalo/,"Apple Authorized Service Provider running managed IT for legal, medical and dental, and finance offices with HIPAA documentation; support address published."
Mac IT consultants (possible resellers),MacPCtech (MacAnswerPros Inc.),"Chicago, IL (also Greenville, SC)",webrequest@macpctech.com,email,https://www.macpctech.com/contact,"Apple certified on-site and remote support for healthcare providers, legal firms, accounting practices and nonprofits; request address published on the contact page."
Mac IT consultants (possible resellers),MacWorks LLC,"New Haven, CT",info@macworks.com,email,https://www.macworks.com,"Apple Consultants Network member offering Mac business support; home page shows law-firm client testimonials, no medical clients seen; address published on the home page."
Mac IT consultants (possible resellers),MacRescue LLC,"Encino, CA (Los Angeles metro)",https://www.macrescue.com,contact-page,https://www.macrescue.com,Apple Technical Partner supporting nonprofits and law firms in Los Angeles; contact form is on the home page (no email printed).
Listing sites and newsletters,AlternativeTo,online,support@alternativeto.net,email,https://alternativeto.net/faq,Free submission through an account (Suggest new application) after email verification; optional one-time $5 priority review of 1-2 business days; free queue holds several thousand apps with no promised timeframe. Support email published on the FAQ.
Listing sites and newsletters,Product Hunt,online,hello@producthunt.com,email,https://www.producthunt.com/launch,Free self-serve launch (page states it is 100% free) from a personal account; no asking for upvotes; general address published on the launch guide.
Listing sites and newsletters,MacUpdate,online,support@macupdate.com,email,https://www.macupdate.com/write-for-us,Free Add App form at macupdate.com/content/submit; guest posts and sponsored articles pitched by email to the same address; no price published; they state follow-up usually takes 5 business days.
Listing sites and newsletters,Privacy Guides (Project Showcase forum),online,https://discuss.privacyguides.net/t/about-the-project-showcase-category/114,contact-page,https://www.privacyguides.org/en/about/criteria,Free but weak fit: developers self-submit in the Project Showcase category after developer verification and must disclose affiliation; open source is generally preferred over proprietary and sensitive-data tools should have a security white paper; Showcase posts are not endorsements.
Listing sites and newsletters,Vucense Privacy Tools Directory,online,https://vucense.com/tools/apply/,form,https://vucense.com/tools/apply/,Free editorial suggestion form; page says listings are not sold; looks for local-first tools with a clear privacy posture; no proprietary-software ban published.
Listing sites and newsletters,TechGDPR Privacy Tech Directory,online,privacydirectory@techgdpr.com,email,https://techgdpr.com/privacy-tech-directory/,"Free; email to add a tool; entries list name, category, URL and pricing and the directory covers paid tools while favoring open source and free ones; inclusion is not an endorsement."
Listing sites and newsletters,Six Colors (sponsorship),online,sponsor@sixcolors.com,email,https://sixcolors.com/sponsorship/,Paid only: $750 per week for a one-line text ad on every page plus an RSS post; they state they do not publish paid guest articles; sponsor address published.
Listing sites and newsletters,MacRumors (advertising),online,https://www.macrumors.com/contact.php,form,https://www.macrumors.com/contact.php,"Paid only: weekly newsletter sponsorship (headline, up to 200 words, image, logo) bought through their form; no rates published and the form asks for budgets from $1000 to $5000 and up; tips go to tips@macrumors.com for editorial."
Listing sites and newsletters,MacStories (sponsorship),online,https://www.macstories.net/advertise/,contact-page,https://www.macstories.net/advertise/,"Paid only: weekly homepage sponsorship and podcast spots, rates by request to the contact named on the page; the site states it does not do paid reviews."
